dt,switch,src,dst,pktcount,bytecount,dur,dur_nsec,tot_dur,flows,packetins,pktperflow,byteperflow,pktrate,Pairflow,Protocol,port_no,tx_bytes,rx_bytes,tx_kbps,rx_kbps,tot_kbps,label
11631,1,10.0.0.1,10.0.0.8,127537,135955110,237,756000000,246357191543.0,2,1943,13651,14551966,450,0,UDP,3,54389799,1744933,13847,4978,3386,0
10673,1,10.0.0.1,10.0.0.8,20759,22128908,123,756000000,134952676457.0,3,1943,13651,14551966,451,0,UDP,2,3022,1094,1291,1308,0,0
11019,1,10.0.0.1,10.0.0.8,116650,124349769,303,756000000,307928254603.0,3,1943,13651,14551966,451,0,UDP,3,54088,388187,4685,7406,393,0
11189,1,10.0.0.1,10.0.0.8,62693,66830976,152,242000000,161045692160.0,3,1943,13651,14551824,451,0,UDP,2,26327315,6145508,14570,8621,10790,0
10441,1,10.0.0.2,10.0.0.8,46788,49876969,140,275825244,156115599401.0,3,1943,13651,14551966,451,0,UDP,3,3323,1748,9665,2495,29,0
11188,1,10.0.0.2,10.0.0.7,73574,78430209,129,755511069,137132923485.0,3,1910,13651,14551831,451,0,UDP,3,3022,71244479,2441,12746,3483,0
11443,1,10.0.0.2,10.0.0.8,121303,129309538,293,756000000,298323805184.0,3,1943,13651,14551730,455,0,UDP,1,71285368,1087,18217,2576,3432,1
11363,1,10.0.0.1,10.0.0.8,75091,80047060,278,756000000,287991529819.0,3,1943,13651,14551966,142,0,UDP,1,6525773,1628252,14814,6433,4985,1
11284,1,10.0.0.1,10.0.0.7,60911,64931934,131,755999957,141521643906.0,2,1306,13067,13935850,451,0,UDP,1,876564,2070378,11158,2446,172,0
11625,1,10.0.0.1,10.0.0.8,117449,125201679,201,756000000,216597280683.0,3,1943,13651,14551966,451,0,UDP,3,15593027,7147172,11566,7534,5378,0
10571,1,10.0.0.2,10.0.0.8,88958,94829314,288,756000000,296372304531.0,3,1943,13651,14551966,449,0,UDP,1,2740865,4322,6869,3961,233,0
11330,1,10.0.0.2,10.0.0.7,47311,50434402,189,756000000,205040686045.0,3,1790,13651,14551963,451,0,UDP,1,3022,23997058,3838,7362,721,0
10703,1,10.0.0.2,10.0.0.8,63340,67520888,239,756000000,251521329642.0,3,1943,13651,14551966,288,0,UDP,1,190821,1941680,7397,6318,1153,0
11220,1,10.0.0.2,10.0.0.8,94637,100883504,230,756000000,242117174769.0,3,1943,13651,14551966,446,0,UDP,1,3824,38391,6251,2361,45,0
11600,1,10.0.0.1,10.0.0.8,130725,139353258,290,756000000,295765867055.0,2,1790,12262,13082328,455,0,UDP,4,3022,1990930,1462,5426,11,1
11278,1,10.0.0.1,10.0.0.8,42967,45803740,72,242000000,79392361987.0,2,1790,13651,14551966,451,0,UDP,4,2136435,1088,8714,3029,123,0
10913,1,10.0.0.1,10.0.0.8,21386,22797767,127,756000000,141432191738.0,3,1943,13651,14551573,443,0,UDP,2,5618954,340811,12329,4669,1973,0
10758,1,10.0.0.2,10.0.0.7,65578,69907271,189,756000000,203928597166.0,2,1910,13650,14550733,451,0,UDP,3,27987567,1087,14951,2042,428,0
11475,1,10.0.0.1,10.0.0.8,33511,35722971,128,756000000,147875190328.0,3,1910,13651,14551966,142,0,UDP,1,8978,3986,5710,5259,830,0
11001,1,10.0.0.1,10.0.0.7,89153,95037876,190,242000000,201606060977.0,3,1943,13651,14551966,451,0,UDP,2,3022,103532,4659,3810,14,0
9846,1,10.0.0.1,10.0.0.7,12610,13442695,15,242000000,16111468794.0,2,1910,67,72069,288,0,UDP,1,3022,3299244,502,9541,134,1
11634,1,10.0.0.1,10.0.0.8,112290,119701725,144,756000000,154126344872.0,2,1943,13591,14489144,0,0,UDP,2,4083269,629943,9144,4709,1002,1
11625,1,10.0.0.2,10.0.0.8,123458,131607006,269,756000000,278314260583.0,3,1943,13651,14551966,451,0,UDP,2,3050,6486580,4953,9791,2087,0
11618,1,10.0.0.2,10.0.0.8,127296,135697821,315,756000000,317905740497.0,3,1943,13651,14551966,448,0,UDP,1,76769193,1598983,16180,6362,7398,1
11282,1,10.0.0.2,10.0.0.8,64327,68573263,157,756000000,173129563623.0,2,1790,13651,14551966,450,0,UDP,1,51947195,14463,13508,5646,4578,0
11570,1,10.0.0.2,10.0.0.8,129140,137663743,275,756000000,283386974899.0,3,1943,13651,14551966,451,0,UDP,1,987317,21250279,8722,9466,4518,0
11595,1,10.0.0.1,10.0.0.8,132684,141441156,298,756000000,303451725985.0,3,1943,13651,14551966,450,0,UDP,4,8095,152807925,5932,14963,13283,0
11616,1,10.0.0.1,10.0.0.8,134975,143883475,320,756000000,320740473294.0,3,1943,13651,14551966,451,0,UDP,1,5800,139185708,4656,12250,4972,0
11202,1,10.0.0.1,10.0.0.8,33016,35195939,104,755999926,114706370196.0,2,1943,13651,14551966,451,0,UDP,2,5256,1447,4972,5075,118,0
11453,1,10.0.0.1,10.0.0.8,65623,69954866,140,756000000,152686032814.0,2,1910,13651,14551964,450,0,UDP,1,3032,186126,4734,6252,273,0
11534,1,10.0.0.1,10.0.0.8,31428,33502714,125,756000000,141679184963.0,3,1943,13651,14551966,451,0,UDP,1,3425987,1086,7627,970,3,0
11431,1,10.0.0.1,10.0.0.8,96457,102824317,190,741150232,200677511725.0,2,1306,13651,14551966,443,0,UDP,1,2899525,1086,7369,709,1,0
11496,1,10.0.0.1,10.0.0.8,23458,25006764,55,756000000,65408831626.0,3,1790,13651,14551966,446,0,UDP,1,59075053,1110,15216,1270,229,0
10160,1,10.0.0.1,10.0.0.8,8278,8824201,70,756000000,80672163164.0,3,1306,13651,14551966,443,0,UDP,1,156191854,545110,17627,10686,17079,0
11634,1,10.0.0.1,10.0.0.8,110802,118116166,228,756000000,242769329788.0,3,1943,13651,14551966,451,0,UDP,2,3326,1086,5528,943,0,0
11516,1,10.0.0.2,10.0.0.7,133730,142556660,319,756000000,320058347654.0,3,1943,13651,14551966,449,0,UDP,2,230039,47785163,7974,13690,12214,0
11413,1,10.0.0.1,10.0.0.8,42312,45105390,51,242000000,52056415257.0,2,1790,11557,12335086,451,0,UDP,2,7587,20714,6752,4079,168,0
10587,1,10.0.0.1,10.0.0.7,67999,72487276,149,242000000,160183497598.0,2,1943,13651,14551963,451,0,UDP,4,3022,51178434,2710,10843,1604,0
11627,1,10.0.0.2,10.0.0.8,134084,142933518,312,756000000,315616878921.0,3,1943,13651,14551963,449,0,UDP,2,3146,199403,4164,5364,120,1
11433,1,10.0.0.1,10.0.0.8,115385,123000767,273,756000000,280914739610.0,3,1931,13647,14547409,443,0,UDP,1,493363,1086,7055,669,0,1
11634,1,10.0.0.1,10.0.0.8,133873,142708436,307,756000000,311778251332.0,2,1943,13651,14551966,449,0,UDP,3,169659095,480778,16541,5578,5499,0
11610,1,10.0.0.1,10.0.0.8,91641,97690152,153,756000000,164087034394.0,3,1943,13651,14551966,451,0,UDP,3,3023,12481348,3015,8497,349,0
11597,1,10.0.0.2,10.0.0.8,92986,99124491,142,756000000,151793636574.0,3,1943,13609,14507320,288,0,UDP,2,1697977,37619284,12512,10911,12475,0
11592,1,10.0.0.1,10.0.0.8,67808,72284753,111,756000000,123088614408.0,3,1943,13651,14551966,451,0,UDP,2,3095,2672270,7500,5623,715,0
11015,1,10.0.0.1,10.0.0.7,67228,71666088,110,242000000,116863465508.0,2,1910,13578,14474753,443,0,UDP,1,528794,30450,11444,5854,2268,0
11313,1,10.0.0.1,10.0.0.8,85285,90915082,218,756000000,228505441935.0,3,1943,13651,14551942,142,0,UDP,2,16170405,1958332,11091,5249,2970,0
10312,1,10.0.0.1,10.0.0.7,44688,47638310,105,242000000,111340742776.0,2,1790,13651,14551966,451,0,UDP,3,272191379,313451,19444,5105,13031,0
11536,1,10.0.0.1,10.0.0.8,123958,132139425,301,756000000,306344097698.0,3,1943,13651,14551966,449,0,UDP,4,96878771,2947,14842,2499,1282,0
11287,1,10.0.0.1,10.0.0.7,56950,60709037,154,756000000,165513421208.0,2,1943,13650,14551364,443,0,UDP,1,103670808,1807210,16994,5241,6888,0
10376,1,10.0.0.1,10.0.0.7,14143,15077071,29,242000000,31668789170.0,2,1943,13651,14551966,451,0,UDP,4,656928,1086,8393,869,1,0
10342,1,10.0.0.2,10.0.0.8,24291,25894325,135,756000000,151258067289.0,2,1910,13650,14550862,450,0,UDP,4,3026,93926,4873,4362,52,1
11591,1,10.0.0.1,10.0.0.8,82725,88186168,175,756000000,187303632191.0,3,1790,13651,14551966,0,0,UDP,3,12593665,2493328,11373,7445,5617,0
11567,1,10.0.0.1,10.0.0.8,30649,32672912,30,755392320,32644509903.0,3,1910,716,768048,449,0,UDP,2,5324688,3314,11251,5579,2745,1
11461,1,10.0.0.1,10.0.0.8,62923,67077263,124,756000000,138762555730.0,2,1943,13651,14551966,451,0,UDP,2,3022,25043853,405,9338,29,0
11635,1,10.0.0.2,10.0.0.8,134911,143814739,319,756000000,320250649869.0,2,1943,13651,14551855,451,0,UDP,1,80103,2791361,7076,5522,763,1
11516,1,10.0.0.1,10.0.0.8,106873,113927266,254,756000000,263504173031.0,2,1943,13651,14551629,0,0,UDP,3,2643861,29663913,10321,7270,3974,0
11567,1,10.0.0.1,10.0.0.8,73241,78075843,150,756000000,164340682335.0,3,1943,13651,14551966,451,0,UDP,4,44894472,1106,13098,2735,693,0
11388,1,10.0.0.2,10.0.0.8,102462,109225035,264,756000000,273013998965.0,3,1943,13651,14551966,451,0,UDP,2,1088775,1407199,15340,7663,7439,0
11243,1,10.0.0.2,10.0.0.8,62448,66569805,243,756000000,256397833180.0,3,1931,13651,14551822,450,0,UDP,4,3022,33500827,1711,11117,1220,0
11489,1,10.0.0.2,10.0.0.8,34398,36669308,70,756000000,78402656524.0,3,1910,13651,14551966,446,0,UDP,1,2238659,130022,6138,5301,152,0
9867,1,10.0.0.2,10.0.0.8,6207,6616953,32,756000000,36603474447.0,2,1910,4,4609,288,0,UDP,2,16042,1433,10882,2554,67,1
11596,1,10.0.0.2,10.0.0.8,89723,95645216,213,756000000,229620573071.0,3,1943,13651,14551966,448,0,UDP,2,2103037,4325,12759,6362,3388,0
10955,1,10.0.0.1,10.0.0.8,10582,11280462,47,756000000,57372958183.0,3,1943,13651,14551446,448,0,UDP,3,14173722,16563673,15828,10060,14371,0
10104,1,10.0.0.1,10.0.0.8,24295,25898751,115,755997215,125041015679.0,2,1931,13651,14551965,0,0,UDP,2,50505,1288,10105,5120,1605,0
11370,1,10.0.0.2,10.0.0.8,61634,65702448,145,756000000,156529792538.0,3,1943,13364,14248927,451,0,UDP,4,51210556,13866444,14790,9357,10600,0
11453,1,10.0.0.1,10.0.0.8,26092,27814149,29,242000000,30632259620.0,2,1910,0,61,449,0,UDP,3,3022,5256777,424,5267,1,1
10629,1,10.0.0.2,10.0.0.8,10462,11152409,34,756000000,38255374048.0,3,1910,3556,3808792,448,0,UDP,3,372112,21894,13617,5523,4205,0
11550,1,10.0.0.2,10.0.0.8,17806,18981388,19,242000000,21712815425.0,3,1943,12834,13688157,451,0,UDP,1,123755505,1266569,13107,6895,7501,0
11144,1,10.0.0.2,10.0.0.7,86890,92625810,183,756000000,192287471719.0,3,1931,13651,14551966,455,0,UDP,4,6354380,1560748,12083,9730,7409,0
10397,1,10.0.0.1,10.0.0.7,14021,14946549,29,242000000,32050194995.0,2,1943,13651,14551966,451,0,UDP,3,227916459,3795062,17160,6226,9651,0
11304,1,10.0.0.1,10.0.0.8,71012,75699006,248,756000000,260086197578.0,3,1790,13577,14474431,455,0,UDP,3,98502321,72611,17760,3954,8024,0
11160,1,10.0.0.2,10.0.0.8,81097,86449783,208,756000000,217972512392.0,2,1306,13651,14551966,451,0,UDP,2,3022,6324645,2374,6158,57,0
11530,1,10.0.0.1,10.0.0.8,19710,21011444,26,242000000,29113554115.0,2,1943,8377,8954999,451,0,UDP,2,3022,119982,3483,3867,7,0
11489,1,10.0.0.1,10.0.0.7,99468,106034130,200,756000000,212939706334.0,2,1943,13574,14470608,451,0,UDP,1,10474207,5373396,12175,8113,6466,0
11407,1,10.0.0.2,10.0.0.8,107697,114805311,291,756000000,298482561427.0,2,1943,13651,14551966,449,0,UDP,3,19396,15115800,7614,8075,2141,0
10927,1,10.0.0.1,10.0.0.8,100648,107291499,209,242000000,214926658740.0,2,1790,13651,14551966,451,0,UDP,3,1332458,1624,11204,1980,248,0
11530,1,10.0.0.1,10.0.0.8,92821,98947877,156,755999997,163014459499.0,2,1790,2531,2713222,451,0,UDP,3,28340976,395924,14776,5698,5967,1
11266,1,10.0.0.1,10.0.0.8,22465,23947794,47,755589614,52376308394.0,3,1931,13556,14452339,451,0,UDP,1,401801,1087,10739,1939,124,0
9846,1,10.0.0.2,10.0.0.7,8177,8716396,15,242000000,16164175936.0,2,1910,2828,3031077,451,0,UDP,2,21488696,1087,16084,2549,2006,0
10783,1,10.0.0.1,10.0.0.8,53888,57445798,106,242000000,115289808985.0,2,1943,13650,14551132,450,0,UDP,4,106222355,1130,19044,954,1570,0
11304,1,10.0.0.2,10.0.0.7,55214,58859136,110,242000000,120582208854.0,2,1931,13651,14551966,443,0,UDP,1,3022,772613,607,6036,4,0
11563,1,10.0.0.2,10.0.0.8,129434,137977245,308,756000000,311817048893.0,3,1943,13651,14551966,0,0,UDP,1,3026,7177207,5077,5772,189,0
11622,1,10.0.0.1,10.0.0.8,102570,109340065,228,756000000,241547660984.0,3,1943,13648,14548701,288,0,UDP,3,14720089,411757,10417,4276,690,1
11605,1,10.0.0.2,10.0.0.8,113081,120545210,275,756000000,282906383352.0,3,1943,13651,14551966,450,0,UDP,1,6084262,1201040,10286,6249,2479,0
11525,1,10.0.0.1,10.0.0.8,107624,114728172,208,756000000,216502538610.0,2,1943,13651,14551966,288,0,UDP,1,3060,16764107,4171,7724,706,0
11604,1,10.0.0.1,10.0.0.8,92337,98431582,263,756000000,273989877658.0,3,1943,13651,14551905,450,0,UDP,2,4432863,1189193,9990,4374,968,1
11626,1,10.0.0.2,10.0.0.8,71669,76399525,154,756000000,169848137800.0,3,1943,13595,14492805,451,0,UDP,3,14958482,6679710,9591,6149,1817,0
10965,1,10.0.0.1,10.0.0.8,39859,42489955,146,756000000,157340243981.0,2,1790,5901,6315188,451,0,UDP,2,5180356,92949,11208,3467,458,0
11401,1,10.0.0.1,10.0.0.8,24560,26180760,122,756000000,137271854749.0,3,1943,13651,14551963,455,0,UDP,1,356668577,1086,18556,1875,4530,0
11606,1,10.0.0.1,10.0.0.8,115048,122641898,251,756000000,260691009126.0,3,1943,13650,14551283,451,0,UDP,1,3122,38060567,4631,9645,3074,0
11631,1,10.0.0.1,10.0.0.8,125252,133519458,265,756000000,274663240386.0,3,1943,13651,14551966,451,0,UDP,2,4101,1087,7705,1828,12,0
11609,1,10.0.0.2,10.0.0.8,96760,103146531,242,756000000,254817269810.0,2,1943,13651,14551966,451,0,UDP,3,5124,6126487,1614,8476,165,0
11250,1,10.0.0.1,10.0.0.7,64756,69030393,89,266957399,98015313193.0,2,1790,13651,14551926,448,0,UDP,1,2506186,12062,8617,3352,451,0
11127,1,10.0.0.1,10.0.0.7,77221,82318128,212,756000000,225776245892.0,2,1931,11628,12410905,450,0,UDP,2,88333744,54758,18606,5976,10893,1
10770,1,10.0.0.2,10.0.0.8,8124,8659859,51,756000000,58577739462.0,3,1943,13651,14551966,451,0,UDP,2,319789,16624934,9041,9392,4383,0
11235,1,10.0.0.1,10.0.0.8,27420,29230040,41,242000000,45000299409.0,2,1306,10510,11223547,443,0,UDP,1,3022,41590,2976,7748,403,0
10845,1,10.0.0.1,10.0.0.7,32932,35106764,23,242000000,24686769925.0,2,1790,0,115,443,0,UDP,3,21504715,13358,14296,3946,3083,1
11054,1,10.0.0.1,10.0.0.7,114242,121782069,224,242000000,232045093587.0,2,1943,13568,14464854,451,0,UDP,4,1842914,1086,10701,259,0,0
10964,1,10.0.0.2,10.0.0.8,43758,46647003,81,242000000,87462869387.0,3,1943,13651,14551945,451,0,UDP,1,297694,9374570,6967,6378,633,0
11438,1,10.0.0.1,10.0.0.7,87440,93212166,160,407244952,175287359414.0,3,1943,13651,14551966,451,0,UDP,3,20326,56984226,3685,12953,7124,0
11220,1,10.0.0.1,10.0.0.8,28009,29857616,98,756000000,110126052654.0,3,1910,13410,14297417,455,0,UDP,3,3022,50231744,1306,10158,1073,1
11459,1,10.0.0.2,10.0.0.8,89475,95380931,180,756000000,191182688912.0,2,1943,13649,14550153,451,0,UDP,4,3139,2810214,2791,7360,431,1
10697,1,10.0.0.1,10.0.0.7,16826,17936696,68,756000000,75037143541.0,2,1306,1678,1799651,0,0,UDP,2,3022,76490,4060,2377,3,1
11566,1,10.0.0.1,10.0.0.8,63456,67644966,133,756000000,143156554844.0,2,1943,4563,4886730,451,0,UDP,4,16104165,2306304,14153,5268,3223,0
10680,1,10.0.0.1,10.0.0.7,27031,28815877,80,756000000,85268479100.0,2,1790,24,25871,443,0,UDP,3,2480224,390094,12211,6744,6453,1
11119,1,10.0.0.1,10.0.0.7,84905,90509360,203,756000000,216672984496.0,2,1931,13651,14551966,448,0,UDP,2,462350867,1094,19412,3082,6793,0
11608,1,10.0.0.1,10.0.0.8,54694,58304938,129,756000000,142498350438.0,3,1790,11653,12436620,450,0,UDP,1,3022,11659403,5279,9251,2852,1
11549,1,10.0.0.2,10.0.0.8,132602,141354029,315,756000000,317581196713.0,3,1943,13651,14551966,446,0,UDP,2,330261447,2111,18911,3112,7956,0
10765,1,10.0.0.1,10.0.0.7,6673,7113677,14,242000000,14807230630.0,2,1790,12983,13846194,0,0,UDP,4,3735946,5732377,12335,9381,9055,0
10603,1,10.0.0.1,10.0.0.7,14413,15364440,29,242000000,31641650264.0,2,1910,13028,13893530,0,0,UDP,4,49729953,23490,18809,3872,7650,0
11524,1,10.0.0.1,10.0.0.7,127244,135642263,273,756000000,279979571186.0,2,1943,13651,14551966,451,0,UDP,3,491189,5167711,7006,5911,840,0
11312,1,10.0.0.1,10.0.0.8,30674,32698812,140,756000000,155159873914.0,3,1943,13561,14457520,451,0,UDP,2,3022,25814,4663,4455,122,0
11237,1,10.0.0.2,10.0.0.8,115430,123048326,315,756000000,317550799477.0,3,1943,13651,14551867,0,0,UDP,2,3022,1227,3389,1268,0,0
11604,1,10.0.0.2,10.0.0.8,94378,100607941,191,756000000,203091567985.0,3,1943,13651,14551966,451,0,UDP,3,10863,12039574,10049,9846,7261,0
11211,1,10.0.0.1,10.0.0.8,84249,89810519,154,756000000,164070898129.0,3,1910,11888,12685468,0,0,UDP,2,3046,1086,3263,1105,0,1
11500,1,10.0.0.1,10.0.0.8,100464,107095011,155,242000000,162656589891.0,2,1931,13651,14551966,451,0,UDP,4,3022,74298429,3751,10816,2383,0
11553,1,10.0.0.1,10.0.0.8,57918,61741401,129,756000000,141890073874.0,3,1943,13651,14551966,448,0,UDP,3,20158478,22504704,15046,9517,12504,0
11544,1,10.0.0.2,10.0.0.8,101168,107845671,226,756000000,239913962059.0,3,1943,13651,14551966,451,0,UDP,3,1376746,18647128,8831,12383,9747,0
11045,1,10.0.0.2,10.0.0.8,44913,47877503,85,242000000,97816517623.0,2,1943,13651,14551966,451,0,UDP,3,3022,1132240,4969,8619,1048,0
11138,1,10.0.0.1,10.0.0.8,108413,115568487,280,756000000,286746053191.0,2,1306,13651,14551965,443,0,UDP,1,3361,19895118,4951,11673,4764,0
11581,1,10.0.0.1,10.0.0.8,51337,54725546,87,756000000,96325343016.0,3,1790,2150,2305500,450,0,UDP,1,7727,4818,8659,2339,95,1
11497,1,10.0.0.2,10.0.0.8,71001,75687210,222,756000000,237558870133.0,3,1943,13651,14551966,448,0,UDP,3,15509903,2250375,14225,5709,4244,0
11468,1,10.0.0.2,10.0.0.8,102647,109422218,270,756000000,281660937202.0,2,1943,13651,14551966,451,0,UDP,2,3039,1086,8866,877,1,0
10745,1,10.0.0.2,10.0.0.8,16708,17810615,91,756000000,104502393648.0,3,1306,13651,14551966,450,0,UDP,1,9935193,1112,15893,1228,812,0
11368,1,10.0.0.2,10.0.0.8,99485,106051201,285,756000000,294544058788.0,2,1910,13464,14355030,450,0,UDP,3,3022,13027895,2528,9017,1142,1
11471,1,10.0.0.1,10.0.0.8,113931,121451021,277,756000000,284796765863.0,3,1943,13651,14551966,451,0,UDP,3,1063887,836102,8983,2499,72,0
10778,1,10.0.0.1,10.0.0.7,74991,79941759,133,242000000,141931781351.0,2,1931,13651,14551966,450,0,UDP,3,1667778,1086,11811,944,18,0
10749,1,10.0.0.2,10.0.0.8,19366,20644087,78,756000000,88941636023.0,2,1910,13651,14551496,451,0,UDP,2,3023,69853,5752,3588,22,0
11220,1,10.0.0.2,10.0.0.8,51556,54959650,160,756000000,176187470731.0,2,1306,13651,14551966,455,0,UDP,1,41797677,4542,17728,4540,7665,0
11634,1,10.0.0.1,10.0.0.8,78799,84001175,99,756000000,108372116103.0,3,1943,44,47132,451,0,UDP,3,140896698,1100,14991,2322,1172,0
11273,1,10.0.0.1,10.0.0.8,7896,8417282,24,756000000,28789169798.0,2,1943,0,403,450,0,UDP,4,3022,1086,2177,564,0,1
11288,1,10.0.0.2,10.0.0.8,98832,105355524,277,756000000,288161250390.0,3,1910,13651,14551966,448,0,UDP,1,24416827,21000001,9579,12457,13195,0
11583,1,10.0.0.2,10.0.0.8,121562,129585928,280,756000000,289627421073.0,3,1943,13651,14551966,448,0,UDP,4,4888169,105133235,11131,12146,11598,0
11318,1,10.0.0.1,10.0.0.8,82377,87814479,150,242000000,161644594436.0,3,1943,13651,14551966,451,0,UDP,3,3023,5378,4653,2385,2,0
11556,1,10.0.0.2,10.0.0.8,117939,125723644,284,756000000,289441780248.0,3,1943,188,201819,0,0,UDP,3,18125478,1501,11742,2685,354,0
11627,1,10.0.0.1,10.0.0.8,127197,135591887,261,756000000,272845682182.0,3,1943,13651,14551966,446,0,UDP,1,10100,51426,11023,2067,117,0
11596,1,10.0.0.1,10.0.0.8,77181,82275603,148,756000000,160759335283.0,2,1790,13651,14551929,448,0,UDP,3,100375,1094,7298,1260,2,0
11623,1,10.0.0.2,10.0.0.8,92732,98853249,188,756000000,201233630865.0,3,1931,13651,14551966,288,0,UDP,2,3022,16049363,321,5830,1,0
11263,1,10.0.0.2,10.0.0.8,81259,86622259,267,756000000,277346147533.0,3,1790,13649,14550130,0,0,UDP,2,3022,70620,1275,4603,1,0
11475,1,10.0.0.1,10.0.0.8,126952,135331173,308,756000000,311783029472.0,3,1943,13651,14551774,450,0,UDP,1,3033,3505,2620,3644,8,0
10676,1,10.0.0.1,10.0.0.7,43748,46636031,159,756000000,171334439971.0,3,1790,13651,14551966,451,0,UDP,4,3022,413250,1955,4165,3,0
10949,1,10.0.0.1,10.0.0.8,5944,6336186,16,242000000,17404835010.0,3,1790,13651,14551963,451,0,UDP,3,3407,62869571,6683,12906,9505,0
11367,1,10.0.0.2,10.0.0.8,120510,128464347,304,756000000,308794127054.0,3,1943,13651,14551966,0,0,UDP,1,655348,7872364,8170,6377,2370,0
11492,1,10.0.0.2,10.0.0.8,129425,137967466,272,360965012,276603789787.0,3,1943,13651,14551966,451,0,UDP,3,30176654,59768479,12008,11870,13282,0
11470,1,10.0.0.1,10.0.0.8,79452,84696786,191,756000000,198062883446.0,3,1943,5492,5876959,443,0,UDP,2,3022,1155,821,2499,0,1
10203,1,10.0.0.1,10.0.0.8,15606,16635699,129,756000000,147221067700.0,2,1910,13651,14551966,142,0,UDP,3,3026,1294469,2848,7523,417,0
11607,1,10.0.0.2,10.0.0.8,92461,98564522,223,756000000,235490110271.0,3,1943,13649,14550323,451,0,UDP,1,104674,1344,9490,2175,119,0
10912,1,10.0.0.2,10.0.0.8,82702,88160399,300,756000000,306267471001.0,3,1931,13651,14551966,142,0,UDP,2,4421,221099,7514,3259,120,0
11340,1,10.0.0.2,10.0.0.8,55709,59386356,125,756000000,138820539464.0,2,1790,5137,5498637,450,0,UDP,2,10766,8317195,8079,12493,11705,0
11583,1,10.0.0.2,10.0.0.8,39966,42604177,67,756000000,74838351772.0,2,1943,12263,13083940,450,0,UDP,2,20052,13335725,8919,9361,4786,0
11538,1,10.0.0.1,10.0.0.7,51291,54677431,27,242000000,29516184374.0,2,1306,13491,14383702,288,0,UDP,2,3022,106180,956,4309,1,0
11454,1,10.0.0.1,10.0.0.8,83263,88759624,187,756000000,197596390604.0,2,1943,1172,1257083,451,0,UDP,3,15956887,328921,11600,6411,3542,0
11304,1,10.0.0.2,10.0.0.8,20116,21444092,47,756000000,53671080797.0,2,1943,13390,14276971,443,0,UDP,1,42447829,174409,13350,8835,9138,0
11431,1,10.0.0.1,10.0.0.8,99889,106482158,214,756000000,223266893162.0,3,1943,821,880645,288,0,UDP,3,51377907,1087,12251,1696,209,1
11629,1,10.0.0.1,10.0.0.8,94548,100789293,133,756000000,142569495513.0,3,1943,13396,14282892,451,0,UDP,1,25817634,13460494,12812,8782,8381,0
11621,1,10.0.0.1,10.0.0.8,88963,94835873,119,756000000,130402737067.0,3,1943,13651,14551964,449,0,UDP,2,3022,2704780,2703,7808,344,0
11383,1,10.0.0.1,10.0.0.8,81458,86835190,87,242000000,93442276404.0,3,1943,13651,14551966,0,0,UDP,3,6062,19373,5567,6295,482,0
10955,1,10.0.0.1,10.0.0.8,34703,36993488,101,756000000,113458441014.0,2,1790,13651,14551966,451,0,UDP,3,3002948,9761379,14393,9315,12469,0
11543,1,10.0.0.1,10.0.0.8,86874,92608350,172,756000000,182532039527.0,3,1943,13651,14551966,450,0,UDP,3,768594,1639,7859,3441,233,0
10772,1,10.0.0.2,10.0.0.8,45907,48937008,168,756000000,181548290231.0,3,1790,13651,14551966,0,0,UDP,3,8764421,1590574,12760,7245,5716,0
10983,1,10.0.0.1,10.0.0.8,12189,12993616,34,756000000,38089259280.0,2,1910,13651,14551883,450,0,UDP,2,3022,6607633,828,10511,241,0
11051,1,10.0.0.1,10.0.0.7,99327,105883614,247,756000000,258579313954.0,2,1943,13651,14551966,450,0,UDP,2,3022,143262,1664,3370,1,0
11342,1,10.0.0.2,10.0.0.8,58002,61830852,161,756000000,173343768154.0,3,1790,13651,14551917,451,0,UDP,2,5756,43098,7470,1863,35,0
11575,1,10.0.0.1,10.0.0.8,132105,140823715,312,756000000,315487131902.0,2,1943,13651,14551966,443,0,UDP,1,3034,1089,6784,1291,2,0
10700,1,10.0.0.1,10.0.0.8,87442,93213516,250,756000000,257305333002.0,3,1943,13651,14551966,0,0,UDP,3,18983,1093,9230,2382,40,0
11425,1,10.0.0.2,10.0.0.8,99944,106541110,175,242000000,184668786193.0,2,1943,13651,14551966,451,0,UDP,1,64965,1086,8544,287,0,0
11289,1,10.0.0.1,10.0.0.8,33942,36182889,50,242000000,53714068734.0,2,1943,1081,1159728,451,0,UDP,4,3022,697880,4057,3788,98,0
11533,1,10.0.0.2,10.0.0.8,53052,56554492,79,744263578,82665535535.0,2,1306,2445,2620988,451,0,UDP,4,48576,1094,7188,3322,106,0
11437,1,10.0.0.2,10.0.0.8,72077,76835051,164,756000000,175867818824.0,3,1943,13651,14551966,448,0,UDP,3,47040966,8342830,14760,11101,13443,0
11452,1,10.0.0.1,10.0.0.8,89097,94978549,244,756000000,258221698181.0,2,1943,13651,14551963,451,0,UDP,1,3192,13659730,8825,8968,4448,0
10688,1,10.0.0.2,10.0.0.8,64787,69063323,214,756000000,228662245975.0,2,1910,13651,14551615,0,0,UDP,2,39882,3192088,6604,10017,5257,1
10845,1,10.0.0.1,10.0.0.7,34987,37296915,66,242000000,72176155439.0,2,1910,13651,14551966,451,0,UDP,1,4439,1789,7934,4654,297,0
11366,1,10.0.0.1,10.0.0.7,46355,49414896,149,756000000,165128329005.0,3,1306,4945,5293574,451,0,UDP,1,3031,64694,2900,6444,24,0
10283,1,10.0.0.1,10.0.0.7,38706,41261489,160,756000000,176973897814.0,3,1790,13651,14551966,450,0,UDP,2,83345160,1086,19235,117,23,0
11627,1,10.0.0.1,10.0.0.8,123543,131697758,286,756000000,293983111611.0,2,1943,13648,14548637,451,0,UDP,2,1020954,180488,8751,5262,1124,1
11420,1,10.0.0.2,10.0.0.8,47668,50815325,95,755994229,108079259123.0,2,1943,13651,14551966,451,0,UDP,1,158057274,431985,15933,3280,2009,0
11603,1,10.0.0.2,10.0.0.8,47319,50443352,86,756000000,95408976162.0,3,1306,560,600706,450,0,UDP,2,3070,1087,7819,3391,521,1
11025,1,10.0.0.1,10.0.0.8,32794,34959386,86,751902831,96547734319.0,3,1943,13651,14551966,451,0,UDP,2,251510,1089,7264,2759,92,0
11341,1,10.0.0.1,10.0.0.8,57557,61356236,102,756000000,110438493755.0,3,1306,10209,10903574,446,0,UDP,2,207807,2930279,8199,6556,1401,0
10811,1,10.0.0.2,10.0.0.8,52928,56422073,170,756000000,181908284056.0,2,1931,190,203563,443,0,UDP,4,61871232,1721244,17590,5907,8474,1
10824,1,10.0.0.2,10.0.0.8,13957,14878279,115,756000000,130412129732.0,3,1943,4937,5285033,450,0,UDP,2,15688902,1173,17172,3656,5953,0
11126,1,10.0.0.2,10.0.0.8,9033,9629611,31,755999105,36116716306.0,3,1943,13651,14551883,451,0,UDP,2,3450,1086,3785,643,0,0
10510,1,10.0.0.1,10.0.0.8,19231,20500139,92,242000000,101179085689.0,3,1943,13651,14551966,451,0,UDP,3,4228502,699823,9920,8017,3741,0
11576,1,10.0.0.2,10.0.0.8,111234,118576016,285,756000000,293398072056.0,3,1943,13651,14551966,443,0,UDP,2,412974,9284274,8325,6539,1763,0
11622,1,10.0.0.2,10.0.0.8,113256,120730977,302,756000000,307870113361.0,3,1943,13651,14551966,449,0,UDP,2,2218270,193983,7715,3962,272,0
11444,1,10.0.0.2,10.0.0.8,20534,21890185,39,756000000,45029938024.0,3,1790,496,532700,142,0,UDP,4,64725503,1089,18297,3471,5289,1
11139,1,10.0.0.1,10.0.0.8,19312,20587207,34,242387157,38130420023.0,3,1790,13557,14453467,450,0,UDP,4,252540969,18888,17502,6688,10183,0
11565,1,10.0.0.2,10.0.0.8,88976,94849024,210,756000000,222635736838.0,3,1943,13651,14551966,0,0,UDP,2,267819,1608,5328,1882,1,0
11418,1,10.0.0.1,10.0.0.7,58308,62156681,171,756000000,183612086674.0,3,1943,13651,14551966,451,0,UDP,3,622879,12226,8397,3037,83,0
10655,1,10.0.0.2,10.0.0.8,10040,10703193,66,756000000,76503978720.0,3,1306,9668,10328761,448,0,UDP,3,23818381,155971,15327,7478,8071,0
11097,1,10.0.0.2,10.0.0.8,87534,93311495,280,756000000,290184598256.0,3,1790,13651,14551966,455,0,UDP,1,60385,54126829,7123,10926,7289,0
11572,1,10.0.0.2,10.0.0.8,121832,129873780,282,756000000,290130347866.0,2,1943,13651,14551966,451,0,UDP,1,29199,3015,5677,3270,78,0
11080,1,10.0.0.2,10.0.0.8,32109,34228220,97,756000000,111232350980.0,3,1943,13647,14547933,451,0,UDP,4,1526822,34854,8641,4805,697,1
10721,1,10.0.0.1,10.0.0.8,39826,42454892,130,737053292,137712864641.0,2,1306,13651,14551792,451,0,UDP,2,171736,1190,4917,2338,8,0
10724,1,10.0.0.1,10.0.0.8,54008,57573541,122,242000000,133157163378.0,3,1943,13651,14551966,451,0,UDP,2,121514,4694,7282,1773,19,0
11376,1,10.0.0.1,10.0.0.7,59439,63362443,111,242000000,122408281536.0,2,1790,13651,14551966,443,0,UDP,1,39244,233798,11196,5344,1927,0
11634,1,10.0.0.1,10.0.0.8,56387,60109529,77,756000000,86469534409.0,3,1943,13648,14548549,451,0,UDP,2,226887278,181898,17205,6601,9340,1
11226,1,10.0.0.1,10.0.0.8,54986,58615400,125,754337470,135729016572.0,3,1943,13651,14551966,451,0,UDP,1,3022,3299061,830,10179,143,0
11443,1,10.0.0.1,10.0.0.8,70086,74712450,103,242000000,109605885562.0,2,1943,13651,14551966,450,0,UDP,4,308351765,221008,18939,2812,6099,0
11302,1,10.0.0.2,10.0.0.8,22131,23592111,67,756000000,77164072182.0,3,1790,13651,14551966,449,0,UDP,4,3026,22801082,6143,12549,9710,0
10128,1,10.0.0.1,10.0.0.8,38632,41182612,181,756000000,195609094287.0,3,1943,13651,14551966,450,0,UDP,3,173509980,1086,18750,310,96,0
11531,1,10.0.0.1,10.0.0.8,91978,98049896,156,756000000,168590578725.0,2,1306,12625,13467762,451,0,UDP,4,3023,9629898,5515,8779,2475,0
11154,1,10.0.0.2,10.0.0.8,87125,92876176,235,756000000,247382291660.0,2,1943,13651,14551966,451,0,UDP,2,56458,61239754,10452,10130,9144,0
11111,1,10.0.0.1,10.0.0.7,132309,141041614,307,756000000,311121018977.0,2,1943,13651,14551966,455,0,UDP,3,25743,282979,9769,5007,1100,0
11061,1,10.0.0.1,10.0.0.8,54712,58323700,289,756000000,299338815171.0,3,1943,13645,14545990,448,0,UDP,2,7412455,320369,13284,3218,1002,0
11314,1,10.0.0.1,10.0.0.7,42003,44775767,65,242000000,71221283528.0,3,1790,12614,13455801,446,0,UDP,3,9868144,4976,14059,2488,1213,1
10930,1,10.0.0.1,10.0.0.7,45559,48566426,217,756000000,232542858839.0,3,1943,13651,14551911,142,0,UDP,3,3851,1787101,4949,7411,591,0
11613,1,10.0.0.2,10.0.0.8,112992,120450097,215,756000000,228953257383.0,3,1943,13651,14551966,142,0,UDP,3,124460,38540560,8108,11821,7862,1
10561,1,10.0.0.1,10.0.0.8,8049,8580024,30,756000000,35513234701.0,2,1910,4605,4931172,288,0,UDP,1,3392,53187,6621,10075,4348,0
10730,1,10.0.0.1,10.0.0.8,16582,17676965,84,756000000,95931389109.0,3,1943,13626,14525556,450,0,UDP,3,75724,1087,9946,1866,26,0
11221,1,10.0.0.2,10.0.0.8,55829,59514640,149,756000000,159897010064.0,3,1943,13188,14062842,451,0,UDP,1,51936122,25953,13859,6586,5639,0
11612,1,10.0.0.1,10.0.0.8,126872,135245529,258,756000000,266319342707.0,2,1790,13651,14551966,450,0,UDP,2,130484,32012694,8559,8819,4315,0
10613,1,10.0.0.1,10.0.0.8,63612,67810866,111,242000000,118356047495.0,2,1931,13651,14551966,451,0,UDP,4,29487,35892748,7183,11424,6688,0
10826,1,10.0.0.1,10.0.0.8,43067,45909997,200,756000000,214533612566.0,2,1306,13651,14551482,455,0,UDP,2,925078,145291,14510,4725,3259,0
11540,1,10.0.0.1,10.0.0.8,111312,118659076,220,756000000,229808618493.0,3,1790,13651,14551966,448,0,UDP,3,104170,652702,8728,6335,1388,0
11607,1,10.0.0.1,10.0.0.8,29129,31051472,98,756000000,110679815103.0,2,1943,13636,14536696,446,0,UDP,4,6034583,1086,13016,244,0,0
11391,1,10.0.0.2,10.0.0.8,122869,130978238,304,756000000,308586818930.0,2,1943,13651,14551966,451,0,UDP,1,81407483,1088,16464,399,47,0
10805,1,10.0.0.1,10.0.0.7,87430,93200557,235,756000000,246498592339.0,2,1306,13651,14551966,450,0,UDP,1,1894044,1086,11861,470,6,0
10879,1,10.0.0.1,10.0.0.7,12862,13710609,45,756000000,52522834278.0,2,1931,766,822642,451,0,UDP,3,1159269,27381796,14986,10701,12559,0
10709,1,10.0.0.1,10.0.0.8,5442,5801606,12,242000000,13044304646.0,3,1910,8404,8984491,451,0,UDP,3,634608,19920778,11380,11857,10459,0
11596,1,10.0.0.2,10.0.0.8,100570,107208137,253,756000000,266493536826.0,3,1943,13650,14551407,288,0,UDP,4,451387,2683,9342,1373,21,1
11497,1,10.0.0.1,10.0.0.8,124382,132591298,291,756000000,296588517904.0,2,1943,13651,14551966,446,0,UDP,2,9243,2752,3323,4359,61,0
11585,1,10.0.0.1,10.0.0.8,39610,42225268,47,242000000,52659085806.0,2,1790,13651,14551966,451,0,UDP,2,487209,1484,13901,5061,5354,0
11474,1,10.0.0.2,10.0.0.8,132876,141645633,318,756000000,319794831296.0,3,1943,13651,14551966,449,0,UDP,3,443898041,2850506,18651,6159,10426,1
10534,1,10.0.0.2,10.0.0.7,22265,23734349,85,756000000,92475901475.0,3,1910,12649,13492982,443,0,UDP,4,21691,2111,4328,4547,30,0
11410,1,10.0.0.1,10.0.0.8,106351,113370330,240,756000000,247273459128.0,3,1943,4,4210,0,0,UDP,4,36423290,1468918,18045,5414,10377,1
11074,1,10.0.0.1,10.0.0.8,44850,47810464,170,756000000,190162044470.0,3,1943,13651,14551966,451,0,UDP,3,459118083,987835,19133,7353,14485,0
10752,1,10.0.0.2,10.0.0.8,48418,51613907,218,756000000,235272589779.0,3,1790,13651,14551966,443,0,UDP,3,3494,3221,7258,1507,9,0
11345,1,10.0.0.2,10.0.0.8,81692,87084128,150,756000000,156109742539.0,2,1931,185,199100,451,0,UDP,3,6776732,22738980,16300,9318,12251,1
11385,1,10.0.0.2,10.0.0.8,110296,117576238,276,756000000,284987486343.0,2,1931,13651,14551966,451,0,UDP,2,3063,1204,6803,3229,130,0
11075,1,10.0.0.2,10.0.0.8,39106,41687785,118,756000000,126724944389.0,3,1943,11722,12509566,451,0,UDP,2,3026,31037133,4722,10872,3345,0
11634,1,10.0.0.2,10.0.0.8,93212,99365122,145,756000000,160682211299.0,3,1943,13651,14551966,0,0,UDP,2,20645,29945596,8240,5234,1676,0
11371,1,10.0.0.1,10.0.0.8,52498,55963715,155,756000000,168864997359.0,3,1943,13651,14551961,451,0,UDP,4,6123,110032,4174,3897,16,0
11039,1,10.0.0.2,10.0.0.8,62992,67150297,160,756000000,173103834389.0,3,1943,13600,14498552,0,0,UDP,2,19058,331224,11156,5262,2570,0
10736,1,10.0.0.2,10.0.0.8,36087,38468854,71,242000000,80218002502.0,2,1790,13651,14551966,451,0,UDP,2,13864797,202995,9547,7305,3609,0
10541,1,10.0.0.1,10.0.0.8,9562,10192972,41,755869277,44241448797.0,3,1910,13578,14475173,449,0,UDP,1,3808737,84068,16135,4624,4278,0
10415,1,10.0.0.1,10.0.0.8,26748,28513789,209,756000000,223056954894.0,2,1790,13651,14551955,455,0,UDP,2,3022,1088,1958,2301,0,0
11510,1,10.0.0.1,10.0.0.8,84506,90083872,233,756000000,243239990317.0,3,1943,13651,14551966,446,0,UDP,3,266484513,17166039,18882,8966,16042,0
11376,1,10.0.0.2,10.0.0.8,114342,121889475,293,756000000,300255197563.0,3,1943,13651,14551966,451,0,UDP,2,3149,6697,3374,6277,136,0
11379,1,10.0.0.2,10.0.0.8,120558,128515378,311,756000000,314754836079.0,3,1943,13651,14551966,449,0,UDP,3,256413149,1086,17623,2289,2970,0
10502,1,10.0.0.1,10.0.0.7,8274,8820084,14,242000000,15384722152.0,2,1910,10370,11075462,451,0,UDP,2,3025,81048,2379,7408,139,0
11235,1,10.0.0.2,10.0.0.8,61951,66039957,205,756000000,220237018120.0,3,1943,12820,13673838,450,0,UDP,1,614356,1237,9185,1504,37,0
11047,1,10.0.0.2,10.0.0.8,57465,61258540,195,756000000,207516451746.0,3,1943,13634,14534544,443,0,UDP,4,3022,1086,2876,2855,2,0
11132,1,10.0.0.1,10.0.0.8,8298,8845291,22,756000000,24949079166.0,2,1910,13649,14549533,451,0,UDP,1,3023,4407838,3558,8510,788,0
11433,1,10.0.0.2,10.0.0.8,115967,123621417,229,756000000,238295455512.0,2,1931,13651,14551966,455,0,UDP,3,2010646,406812,13612,5067,3484,0
11013,1,10.0.0.1,10.0.0.7,73286,78123238,267,756000000,278888326042.0,2,1790,13651,14551654,0,0,UDP,3,87596806,84856975,16877,11597,16487,1
11553,1,10.0.0.2,10.0.0.8,71861,76604941,74,242000000,80348641438.0,2,1790,13097,13966738,451,0,UDP,1,3022,29066902,414,10870,236,0
10603,1,10.0.0.1,10.0.0.7,8999,9593219,19,242000000,20334429324.0,2,1910,0,0,451,0,UDP,1,228967713,1086,16594,5971,7492,0
11576,1,10.0.0.1,10.0.0.8,108672,115844957,248,756000000,260532691735.0,3,1943,13651,14551966,450,0,UDP,1,26531,1086,8130,575,0,0
10893,1,10.0.0.1,10.0.0.7,10515,11209510,28,242000000,31115857951.0,2,1306,13651,14551962,448,0,UDP,1,3033,1139,3498,3407,16,0
11569,1,10.0.0.1,10.0.0.8,81086,86438353,220,756000000,230890389151.0,3,1943,13651,14551966,451,0,UDP,2,3158,32623204,5594,8688,2185,0
10782,1,10.0.0.1,10.0.0.8,77528,82645201,262,756000000,270703168941.0,3,1790,5953,6369621,455,0,UDP,3,3025,54817,2770,8806,606,1
11383,1,10.0.0.1,10.0.0.8,33807,36038737,65,670106594,70847324463.0,3,1943,3900,4177207,451,0,UDP,3,18378131,1086,12219,1223,54,1
11080,1,10.0.0.2,10.0.0.8,35186,37508439,80,755999992,86958501436.0,3,1943,13614,14512629,451,0,UDP,1,70752,25099,7202,3493,77,0
11459,1,10.0.0.1,10.0.0.8,127410,135819168,268,756000000,276786022082.0,3,1943,13651,14551966,451,0,UDP,1,280852,1389,7878,3257,81,0
10909,1,10.0.0.1,10.0.0.7,61119,65153877,170,756000000,181648646314.0,3,1943,13647,14547989,451,0,UDP,3,75506,6609625,8892,9088,4755,1
11509,1,10.0.0.1,10.0.0.8,45894,48923794,90,756000000,99367019832.0,3,1943,13651,14551966,450,0,UDP,3,1548429,16807402,13418,6256,3876,0
10824,1,10.0.0.1,10.0.0.8,43562,46437889,196,756000000,211181978775.0,3,1790,13651,14551966,450,0,UDP,3,31581,5827515,9339,8109,3998,0
11600,1,10.0.0.1,10.0.0.8,107684,114791895,250,756000000,262795317621.0,3,1943,13651,14551966,448,0,UDP,2,3026,5685115,3068,7859,428,0
10974,1,10.0.0.1,10.0.0.7,31222,33282637,93,756000000,105802980432.0,2,1943,13651,14551966,451,0,UDP,3,23602,4067440,10142,8432,5515,0
11433,1,10.0.0.1,10.0.0.7,72746,77547681,211,756000000,222476506543.0,3,1790,3515,3765772,443,0,UDP,1,416660115,2060,19635,2236,5052,0
10972,1,10.0.0.1,10.0.0.7,85756,91416194,234,756000000,241570848939.0,3,1790,13651,14551966,451,0,UDP,1,3037,11663,6098,3677,61,0
11332,1,10.0.0.1,10.0.0.7,96173,102521117,189,756000000,201312926806.0,2,1790,13651,14551966,455,0,UDP,1,1732327,16257,7018,3604,137,1
11625,1,10.0.0.1,10.0.0.8,133991,142834067,317,756000000,319210697085.0,3,1943,13651,14551966,0,0,UDP,1,3166,2105530,3637,5246,29,0
11299,1,10.0.0.1,10.0.0.8,40832,43527194,102,756000000,114414108294.0,2,1306,13651,14551778,0,0,UDP,1,2401704,704526,8916,4915,1439,0
11496,1,10.0.0.1,10.0.0.8,77924,83067878,180,756000000,193742591413.0,2,1943,13651,14551966,448,0,UDP,3,142292,96838862,7750,10372,5948,0
11291,1,10.0.0.1,10.0.0.7,53574,57110851,80,755999977,85362417772.0,3,1943,84,90722,0,0,UDP,2,3948,1091,9901,2642,262,1
11586,1,10.0.0.1,10.0.0.7,105327,112279269,153,258244352,166043807037.0,2,1943,13651,14551966,451,0,UDP,2,16530043,1086,7924,886,1,0
11328,1,10.0.0.1,10.0.0.8,6536,6966955,13,242000000,14538234334.0,3,1790,49,52683,443,0,UDP,4,109782,8573,8685,2533,65,0
11508,1,10.0.0.1,10.0.0.8,43699,46583832,65,755994365,71917704519.0,3,1943,13639,14538866,451,0,UDP,4,3022,1086,2254,1575,0,0
11211,1,10.0.0.1,10.0.0.7,92165,98248695,248,756000000,257825895076.0,3,1943,13651,14551966,448,0,UDP,2,3227,28215761,5814,7741,1638,0
11635,1,10.0.0.2,10.0.0.8,134868,143768886,317,756000000,319279457857.0,3,1943,13651,14551966,443,0,UDP,3,373662519,548635,18167,7572,12245,0
10925,1,10.0.0.1,10.0.0.8,77651,82776746,268,756000000,276936582923.0,2,1943,13651,14551966,443,0,UDP,2,1708920,1086,8218,1685,25,0
11613,1,10.0.0.2,10.0.0.8,134304,143168333,314,756000000,316831631311.0,2,1943,13651,14551966,451,0,UDP,4,4011,687036,2854,4439,23,0
10678,1,10.0.0.1,10.0.0.8,8340,8890018,48,756000000,56039817199.0,3,1790,13651,14551966,451,0,UDP,2,70578,1313,7867,2560,80,0
11348,1,10.0.0.1,10.0.0.8,18776,20015188,71,756000000,79873975649.0,2,1943,84,90587,450,0,UDP,1,13686289,3485587,12384,8682,7211,1
11019,1,10.0.0.2,10.0.0.8,77129,82220390,167,242000000,177916254811.0,2,1943,13651,14551964,451,0,UDP,1,728623,1086,10800,859,14,1
11635,1,10.0.0.1,10.0.0.8,125625,133916792,235,756000000,248521173460.0,3,1943,13648,14548987,451,0,UDP,4,136401,16392582,8454,5672,1099,0
11034,1,10.0.0.1,10.0.0.8,14037,14963218,41,756000000,47477753037.0,3,1306,6424,6871869,0,0,UDP,3,81973179,6998901,12231,7766,6159,0
11482,1,10.0.0.1,10.0.0.7,82537,87985389,153,756000000,164554115849.0,2,1943,13651,14551966,451,0,UDP,1,3052,5703,5256,2892,5,0
11429,1,10.0.0.2,10.0.0.8,91646,97695020,261,756000000,272113834012.0,3,1943,13651,14551964,0,0,UDP,3,5477,11142,3326,2738,4,0
10125,1,10.0.0.1,10.0.0.8,10424,11112107,93,756000000,103814551609.0,3,1306,13624,14523881,448,0,UDP,1,13157976,4281149,16642,8059,11118,0
11628,1,10.0.0.1,10.0.0.8,130861,139498054,290,756000000,297378636690.0,2,1943,13651,14551963,451,0,UDP,2,3131,1087,5607,2776,27,1
11521,1,10.0.0.1,10.0.0.8,124199,132396157,273,755999988,279758547292.0,2,1943,13651,14551966,451,0,UDP,1,169963,113095541,5184,12765,8882,0
10976,1,10.0.0.1,10.0.0.7,51141,54516528,110,755998179,119900267934.0,3,1943,13651,14551941,443,0,UDP,4,7167,21235694,4828,11095,2912,0
10836,1,10.0.0.1,10.0.0.8,41824,44585020,36,242000000,39190474262.0,2,1910,13651,14551861,142,0,UDP,2,121167308,130189,15515,7214,8308,0
11082,1,10.0.0.1,10.0.0.8,27888,29729404,83,756000000,91495966717.0,2,1790,13648,14548595,451,0,UDP,3,29582437,35688422,13840,11350,14572,0
11375,1,10.0.0.1,10.0.0.8,49146,52389880,90,755999836,98522619763.0,3,1306,13651,14551941,451,0,UDP,1,3059,2592016,3227,7584,276,0
11097,1,10.0.0.2,10.0.0.8,14417,15368299,36,242000000,40242080857.0,3,1943,13642,14542921,451,0,UDP,2,3022,6603834,513,5857,2,0
11595,1,10.0.0.1,10.0.0.8,116034,123693453,185,756000000,196393838696.0,2,1943,13651,14551966,450,0,UDP,1,3022,64168,1205,3525,0,0
11461,1,10.0.0.1,10.0.0.8,19712,21013835,36,242000000,41534879108.0,3,1943,13651,14551966,443,0,UDP,2,3024,3394,3806,1871,2,0
11606,1,10.0.0.1,10.0.0.8,115254,122861649,270,756000000,280614256480.0,3,1943,13651,14551966,451,0,UDP,2,3029,2941,2683,3762,4,0
11261,1,10.0.0.1,10.0.0.8,82178,87602733,210,756000000,220345759860.0,2,1910,13651,14551966,450,0,UDP,3,55269198,397008,17400,6812,12162,0
11324,1,10.0.0.1,10.0.0.8,132558,141306789,313,756000000,316123666701.0,3,1943,13651,14551966,448,0,UDP,2,26125,1089,10474,1152,28,1
11027,1,10.0.0.2,10.0.0.8,19674,20973294,81,756000000,91453827005.0,3,1910,4430,4743918,448,0,UDP,3,3118,1318,11457,3797,1054,1
11456,1,10.0.0.1,10.0.0.8,85902,91572470,165,756000000,182050421394.0,2,1790,13650,14550832,449,0,UDP,4,239982896,836062,15577,7853,9256,0
11411,1,10.0.0.1,10.0.0.8,102394,109152405,284,756000000,291083743655.0,3,1943,11706,12491962,288,0,UDP,4,3077,3324,1889,2677,0,0
10316,1,10.0.0.1,10.0.0.8,6081,6482762,30,754271328,33657955923.0,3,1790,13651,14551734,448,0,UDP,2,16834804,1173,13761,3319,998,0
11439,1,10.0.0.2,10.0.0.8,94529,100768891,268,756000000,278503089891.0,2,1306,13651,14551966,449,0,UDP,2,39153,1097,7510,1966,46,1
10680,1,10.0.0.2,10.0.0.8,22496,23980961,75,463142339,83934284225.0,3,1943,13651,14551966,451,0,UDP,4,886666,23477910,10292,12677,13145,0
10904,1,10.0.0.2,10.0.0.7,109451,116675460,236,755923765,246314330799.0,2,1910,13651,14551966,288,0,UDP,1,3022,273924,4831,6203,978,0
11628,1,10.0.0.1,10.0.0.8,83703,89228514,108,756000000,117424984429.0,3,1943,13651,14551842,451,0,UDP,2,34120421,1097,14527,5455,4291,0
11626,1,10.0.0.2,10.0.0.8,76289,81325092,99,756000000,107360312901.0,3,1943,13602,14500827,449,0,UDP,3,135933112,1817828,16869,6167,9015,1
10855,1,10.0.0.2,10.0.0.8,33183,35373416,178,756000000,192216665290.0,3,1790,13650,14550991,451,0,UDP,3,88146883,1086,14970,1813,584,0
11298,1,10.0.0.1,10.0.0.8,40028,42670775,145,756000000,156422531409.0,3,1943,10010,10691769,288,0,UDP,1,23720085,586221,12428,5143,2191,0
11633,1,10.0.0.2,10.0.0.8,133114,141899883,310,756000000,313712941837.0,3,1943,13651,14551966,451,0,UDP,2,329726136,830117,16402,3136,2602,0
11546,1,10.0.0.1,10.0.0.8,52238,55686627,47,242000000,49110897710.0,3,1943,12686,13531630,451,0,UDP,2,3970,1091,4602,684,0,0
11626,1,10.0.0.1,10.0.0.8,98054,104526355,182,756000000,194793831979.0,3,1943,11524,12299589,451,0,UDP,3,23575646,21840143,9772,9441,6210,0
11440,1,10.0.0.2,10.0.0.8,108286,115433289,270,756000000,279845021594.0,3,1943,13651,14551966,455,0,UDP,4,3022,19728324,3279,11247,1968,0
11279,1,10.0.0.1,10.0.0.8,60295,64274745,183,756000000,196437454517.0,3,1943,13651,14551957,0,0,UDP,1,3841,1787,9064,1492,33,0
11325,1,10.0.0.2,10.0.0.8,35949,38321894,183,756000000,202595908828.0,3,1943,13651,14551966,451,0,UDP,3,8228,1092,7783,1310,3,0
10581,1,10.0.0.1,10.0.0.8,63185,67355898,102,242000000,104149485131.0,2,1910,13651,14551966,451,0,UDP,2,579966,12394,8052,4851,581,0
11451,1,10.0.0.1,10.0.0.7,62242,66350589,60,242000000,65548944385.0,3,1943,13577,14473548,451,0,UDP,1,5982524,1834,13629,2043,337,0
11506,1,10.0.0.2,10.0.0.8,124149,132342792,253,756000000,260031149228.0,2,1306,13651,14551966,451,0,UDP,4,5543,1086,12105,4614,1426,0
11462,1,10.0.0.2,10.0.0.8,14380,15329755,22,725589387,24218967039.0,2,1943,0,213,451,0,UDP,2,29652967,102628,13335,2644,1147,1
11099,1,10.0.0.2,10.0.0.8,27766,29598572,112,756000000,125276723666.0,3,1943,13651,14551966,288,0,UDP,2,20292197,1952,12559,4132,3444,0
10988,1,10.0.0.1,10.0.0.8,28439,30316720,98,645763860,105665207519.0,3,1943,13651,14551966,451,0,UDP,3,3039,2647,8415,2049,6,0
11253,1,10.0.0.1,10.0.0.8,109073,116271842,285,756000000,291813742874.0,3,1943,13651,14551962,451,0,UDP,4,46148248,3980,13414,2848,959,1
11630,1,10.0.0.1,10.0.0.8,101056,107726325,155,756000000,168861649869.0,2,1790,62,66267,451,0,UDP,4,1368445,12867,14776,3428,1840,1
11476,1,10.0.0.2,10.0.0.8,11999,12791196,50,756000000,57932576052.0,3,1943,705,756879,448,0,UDP,1,3022,31582,2745,5492,99,0
11341,1,10.0.0.2,10.0.0.8,54867,58488880,170,756000000,180808861566.0,3,1943,12845,13699613,451,0,UDP,3,743862038,15164,20036,4719,14856,0
11536,1,10.0.0.1,10.0.0.8,61174,65212620,49,242000000,50324592325.0,2,1943,10901,11639455,451,0,UDP,3,23483984,3482,14714,3125,2572,1
11135,1,10.0.0.2,10.0.0.8,8909,9496705,20,242000000,21833224696.0,2,1790,13648,14549290,451,0,UDP,3,3024,143324548,2668,14107,6987,0
9846,1,10.0.0.1,10.0.0.7,9351,9968610,57,242000000,64377615035.0,2,1790,13640,14540119,450,0,UDP,4,3022,2155,92,1725,0,0
11251,1,10.0.0.1,10.0.0.8,9135,9738478,39,756000000,42301270740.0,3,1943,39,41727,451,0,UDP,2,28049860,1124,15101,2158,901,0
11352,1,10.0.0.2,10.0.0.8,116420,124103705,304,756000000,309203005612.0,3,1943,13651,14551966,451,0,UDP,3,91047157,7944522,18964,8181,16604,0
11425,1,10.0.0.1,10.0.0.8,27814,29650725,47,756000000,52898223465.0,3,1931,73,77955,0,0,UDP,4,6222,15675119,8642,10310,7462,0
11549,1,10.0.0.1,10.0.0.8,61072,65102952,181,756000000,198677592965.0,2,1943,13651,14551966,446,0,UDP,3,3573,16104905,7826,7659,1345,0
11618,1,10.0.0.1,10.0.0.8,133819,142651106,309,756000000,312074074910.0,2,1943,13651,14551966,451,0,UDP,4,3205,1950892,2984,3696,8,0
11617,1,10.0.0.2,10.0.0.8,91020,97027587,227,756000000,241441810271.0,3,1943,13651,14551966,451,0,UDP,1,3022,1113,3709,3881,36,0
11262,1,10.0.0.1,10.0.0.8,70510,75164525,218,756000000,228904297996.0,2,1931,3398,3640986,443,0,UDP,2,537854,67730,8806,6390,929,0
11547,1,10.0.0.1,10.0.0.8,97150,103562959,174,755999974,184815533221.0,2,1910,13651,14551966,451,0,UDP,4,47479,35414,11419,6467,2685,0
10853,1,10.0.0.1,10.0.0.8,6117,6520677,16,756000000,18664023881.0,3,1910,18,19620,449,0,UDP,4,3022,1086,2231,2006,0,1
11616,1,10.0.0.2,10.0.0.8,66708,71111936,102,756000000,113464495192.0,3,1943,13651,14551520,450,0,UDP,1,3885964,64533934,9810,9538,9580,1
10826,1,10.0.0.1,10.0.0.7,13099,13963256,28,242000000,30408435188.0,3,1943,346,371854,451,0,UDP,1,15434,1163025,8694,5291,770,0
10095,1,10.0.0.1,10.0.0.7,8461,9019661,35,242000000,40311289737.0,3,1790,13651,14551966,443,0,UDP,1,147987,2936720,9962,6605,2618,0
11464,1,10.0.0.1,10.0.0.8,64527,68786212,167,756000000,183765646778.0,3,1306,13651,14551966,449,0,UDP,2,45729,2796598,10294,9906,8443,1
11065,1,10.0.0.1,10.0.0.7,12214,13019809,27,242000000,30338071521.0,2,1943,13651,14551964,451,0,UDP,4,14763430,2900149,14113,6871,6775,0
11475,1,10.0.0.1,10.0.0.8,103951,110812237,200,755973854,211155907591.0,3,1943,13651,14551966,451,0,UDP,3,27383,13782936,4107,9407,1780,0
11562,1,10.0.0.1,10.0.0.8,125571,133859540,284,756000000,290926884919.0,3,1943,13651,14551966,451,0,UDP,3,147185,52918,4935,5098,196,0
11440,1,10.0.0.2,10.0.0.8,69733,74336510,100,756000000,110647885706.0,2,1306,13651,14551642,448,0,UDP,2,3022,1091,1955,2033,0,0
10386,1,10.0.0.1,10.0.0.8,30332,32334098,174,756000000,186990190810.0,3,1790,13651,14551966,450,0,UDP,3,3026,9346898,2529,7617,313,0
11543,1,10.0.0.1,10.0.0.8,44561,47502553,84,756000000,94926497630.0,3,1943,13650,14550967,450,0,UDP,2,10256981,1436284,10871,7155,4384,0
11407,1,10.0.0.2,10.0.0.8,59230,63140280,76,242000000,81687724971.0,3,1943,13651,14551961,451,0,UDP,1,3652797,1606,11124,1503,36,0
11284,1,10.0.0.2,10.0.0.8,15552,16578761,72,756000000,81406443003.0,3,1790,13479,14370098,451,0,UDP,1,33906527,529172,14622,5456,3850,0
11372,1,10.0.0.1,10.0.0.8,47943,51107686,101,755999994,107471384286.0,3,1943,13651,14551966,450,0,UDP,4,3022,1794140,5416,9397,2567,0
10542,1,10.0.0.2,10.0.0.8,28626,30515458,75,242000000,82915267037.0,2,1790,13079,13948400,451,0,UDP,4,436413,1086,12862,589,14,0
11532,1,10.0.0.1,10.0.0.8,128578,137064635,262,755999977,273656609835.0,3,1943,13651,14551966,451,0,UDP,1,7824,1113,6350,1359,1,0
11621,1,10.0.0.1,10.0.0.8,99686,106265891,246,756000000,258293218457.0,3,1943,2549,2732331,448,0,UDP,1,8711,4121875,8729,8643,2725,1
11354,1,10.0.0.1,10.0.0.8,9944,10600946,21,242000000,22578653435.0,2,1790,11345,12110584,451,0,UDP,4,3539,1251739,7620,3560,279,0
11465,1,10.0.0.2,10.0.0.8,134602,143485803,319,756000000,320610421740.0,3,1943,13651,14551966,451,0,UDP,1,10293,45705155,6302,9261,3779,0
11532,1,10.0.0.1,10.0.0.8,75014,79965485,217,756000000,233425360548.0,2,1943,13651,14551965,450,0,UDP,2,3276916,1086,10755,1680,53,0
11520,1,10.0.0.1,10.0.0.8,65510,69834294,116,756000000,126971950509.0,3,1943,13651,14551939,443,0,UDP,3,1093078,66143676,12625,10202,11160,1
10726,1,10.0.0.1,10.0.0.8,8774,9353498,23,242000000,26013108333.0,3,1910,13557,14452513,448,0,UDP,1,3084,65833411,6628,13338,12037,1
11100,1,10.0.0.2,10.0.0.7,41382,44114195,114,756000000,123263689934.0,2,1943,1358,1457264,451,0,UDP,4,59672984,422689,16167,4855,4066,0
10633,1,10.0.0.1,10.0.0.8,7298,7779760,40,756000000,46884902295.0,3,1943,13577,14474075,451,0,UDP,4,3032,24297063,6770,10837,5202,0
11625,1,10.0.0.1,10.0.0.8,97247,103666551,131,756000000,138564091394.0,2,1790,13503,14395813,451,0,UDP,3,386220288,1086,17082,747,487,0
11603,1,10.0.0.1,10.0.0.8,44282,47205365,57,756000000,63224915248.0,3,1943,1,548,0,0,UDP,1,452963,30214830,7251,8475,3678,1
11181,1,10.0.0.2,10.0.0.8,25122,26780823,90,756000000,101308944082.0,3,1790,13651,14551650,451,0,UDP,1,25168378,1091,12221,529,4,0
11628,1,10.0.0.1,10.0.0.8,77178,82272954,176,756000000,192564069003.0,3,1943,13597,14494936,451,0,UDP,3,92500,1086,6772,148,0,0
11222,1,10.0.0.1,10.0.0.8,41388,44120007,184,756000000,198869917892.0,3,1306,13639,14539407,288,0,UDP,3,3643,15384,5784,4985,267,0
11579,1,10.0.0.1,10.0.0.8,132781,141545043,304,756000000,307110292688.0,3,1943,13651,14551966,451,0,UDP,1,330546691,10183161,16728,5341,7061,0
11428,1,10.0.0.2,10.0.0.8,97048,103454351,223,756000000,235432562345.0,2,1931,13651,14551966,449,0,UDP,4,3022,103720365,4633,11389,4076,0
11554,1,10.0.0.2,10.0.0.8,85756,91416027,234,756000000,245206860466.0,3,1943,13651,14551966,451,0,UDP,2,3026,25526,4893,4073,105,0
11143,1,10.0.0.1,10.0.0.8,40710,43397016,124,756000000,136789202994.0,2,1306,13650,14551114,0,0,UDP,4,3022,2473799,1201,4140,3,0
11634,1,10.0.0.2,10.0.0.8,117254,124993981,99,756000000,108104397376.0,3,1943,13650,14551083,450,0,UDP,1,27116,3153635,7006,3681,293,1
11523,1,10.0.0.1,10.0.0.7,85801,91465046,175,756000000,187115453041.0,3,1943,40,42725,451,0,UDP,4,3022,1086,1068,2178,0,0
11323,1,10.0.0.1,10.0.0.8,111339,118687544,281,756000000,287537039359.0,2,1943,13650,14551103,451,0,UDP,1,320022,2961042,5849,6952,1401,1
11307,1,10.0.0.1,10.0.0.8,87249,93007635,285,756000000,292681896247.0,3,1943,13636,14536649,450,0,UDP,2,1680225,473608,10923,2233,199,0
11471,1,10.0.0.2,10.0.0.8,117233,124970735,217,755969262,225428278351.0,2,1943,13651,14551966,288,0,UDP,3,3022,1234495,3004,6433,124,0
11589,1,10.0.0.2,10.0.0.8,108373,115526463,227,756000000,241856134678.0,2,1943,13651,14551966,451,0,UDP,1,25995332,6446515,13194,8736,8997,0
11440,1,10.0.0.2,10.0.0.8,85915,91586475,247,756000000,259673039930.0,2,1910,13651,14551964,450,0,UDP,4,3022,2819522,2720,6385,53,0
11041,1,10.0.0.2,10.0.0.8,39734,42356503,207,756000000,222616210552.0,3,1943,13651,14551966,451,0,UDP,1,2865161,891231,11294,5743,1628,0
11566,1,10.0.0.2,10.0.0.8,65550,69877533,153,756000000,167106332937.0,3,1943,13651,14551966,455,0,UDP,2,2938322,3386,8871,4507,611,0
11457,1,10.0.0.1,10.0.0.8,49523,52792078,115,756000000,125689968788.0,3,1931,13651,14551966,446,0,UDP,2,72607,1304426,9758,8654,3971,0
11528,1,10.0.0.1,10.0.0.8,31556,33639391,49,242000000,55913786997.0,2,1790,13651,14551966,451,0,UDP,1,3025,80748411,6349,10989,6834,0
10488,1,10.0.0.1,10.0.0.8,16290,17364768,90,754917807,98875519141.0,3,1943,13642,14542523,0,0,UDP,4,1031447,4591,9353,3072,248,0
11508,1,10.0.0.2,10.0.0.8,68861,73407007,135,756000000,145161129824.0,2,1943,13579,14476650,446,0,UDP,2,146892,620371,14183,4010,1808,0
11627,1,10.0.0.2,10.0.0.8,130047,138630225,303,756000000,307924240856.0,3,1943,13651,14551966,443,0,UDP,2,3877326,29061286,9947,9049,6591,0
11337,1,10.0.0.1,10.0.0.8,100837,107493191,197,326473920,205475739164.0,2,1943,13651,14551966,451,0,UDP,1,33007,481459,5666,5132,297,0
11393,1,10.0.0.1,10.0.0.8,59426,63348496,136,756000000,148016586521.0,2,1306,11052,11799733,443,0,UDP,4,22045963,107704,13356,2543,745,1
10860,1,10.0.0.2,10.0.0.8,62348,66463659,298,756000000,305352792925.0,3,1790,13646,14546322,455,0,UDP,4,78395254,5451,13680,2899,718,1
11519,1,10.0.0.1,10.0.0.8,52609,56082046,108,756000000,121762386502.0,3,1943,13651,14551966,450,0,UDP,1,8322,4962870,10710,7430,3961,0
11574,1,10.0.0.1,10.0.0.8,107864,114983585,273,756000000,282914866044.0,2,1943,13651,14551954,451,0,UDP,4,22356,7584282,6086,8107,961,1
11634,1,10.0.0.2,10.0.0.8,135024,143935357,320,756000000,320840053979.0,3,1943,13651,14551966,451,0,UDP,2,3022,127588,824,2467,0,0
10342,1,10.0.0.2,10.0.0.8,6712,7154691,51,756000000,58524293013.0,3,1790,10405,11112718,450,0,UDP,1,3022,1086,1694,145,0,0
11468,1,10.0.0.1,10.0.0.8,96237,102589203,201,756000000,210273277279.0,2,1943,1341,1438320,450,0,UDP,3,89478,10835615,7410,10103,5480,1
11487,1,10.0.0.1,10.0.0.8,59615,63550496,149,756000000,166119350999.0,3,1943,13651,14551882,450,0,UDP,3,3491,2403618,4903,6498,325,0
11514,1,10.0.0.1,10.0.0.8,119811,127719274,218,250340890,228569751516.0,2,1943,13651,14551966,451,0,UDP,3,4597552,5196624,10308,8606,3148,0
11363,1,10.0.0.1,10.0.0.8,66363,70743562,86,242000000,93740743484.0,2,1943,13651,14551966,451,0,UDP,2,1755972,1091,10531,2339,121,0
11165,1,10.0.0.2,10.0.0.8,17893,19073841,25,242000000,28015922002.0,2,1306,13650,14551301,451,0,UDP,3,34188506,35358,14669,4797,4972,0
11495,1,10.0.0.1,10.0.0.8,112712,120151869,244,756000000,252704999229.0,2,1790,4999,5350692,450,0,UDP,1,5921,556045,5264,6523,541,1
11378,1,10.0.0.2,10.0.0.8,110058,117322673,274,756000000,283250123852.0,3,1943,13651,14551966,448,0,UDP,1,13551800,1086,11686,1163,54,0
11613,1,10.0.0.1,10.0.0.8,134053,142900840,312,756000000,314928578718.0,3,1943,13651,14551966,451,0,UDP,2,7396,875447,9605,3665,607,0
10825,1,10.0.0.1,10.0.0.8,39357,41954501,211,756000000,228904713054.0,3,1943,13651,14551966,288,0,UDP,1,107721629,1184,16094,1327,246,0
11056,1,10.0.0.1,10.0.0.7,38809,41371003,55,242000000,61643801406.0,2,1943,13635,14535128,451,0,UDP,1,48493430,84739,16274,3963,4766,1
11484,1,10.0.0.1,10.0.0.8,37175,39629774,56,752078224,61944522718.0,3,1943,5702,6101476,443,0,UDP,2,45903158,1086,15913,1522,277,1
10709,1,10.0.0.2,10.0.0.8,5419,5776272,19,756000000,21193556485.0,3,1943,84,90489,451,0,UDP,2,3022,4730321,864,5230,9,0
11318,1,10.0.0.2,10.0.0.7,128359,136831156,303,756000000,307753805414.0,3,1943,13651,14551966,448,0,UDP,3,18782909,18475973,13025,7539,6424,0
11618,1,10.0.0.1,10.0.0.8,90948,96951685,97,242000000,105517856140.0,3,1943,13651,14551966,451,0,UDP,4,37685415,4937,12367,3133,826,0
11301,1,10.0.0.2,10.0.0.8,29281,31214128,144,756000000,159689554980.0,3,1943,1825,1957041,0,0,UDP,2,576839555,261002,20392,7157,18650,0
11305,1,10.0.0.1,10.0.0.8,27292,29093362,28,242000000,31558864036.0,2,1790,13650,14551204,451,0,UDP,2,12810,1657,4243,2188,3,0
11048,1,10.0.0.1,10.0.0.7,96951,103350733,190,242000000,199523822669.0,2,1790,13651,14551966,455,0,UDP,1,232925,2333642,8290,12585,8485,0
11085,1,10.0.0.1,10.0.0.8,109586,116818944,295,756000000,301665835840.0,3,1943,13651,14551966,449,0,UDP,3,3545646,28903069,11357,9995,7939,0
11252,1,10.0.0.1,10.0.0.8,68024,72514388,165,756000000,181961710616.0,2,1943,13651,14551966,142,0,UDP,4,376230,1725,10063,1344,45,0
10579,1,10.0.0.2,10.0.0.8,35301,37630738,185,756000000,196774862105.0,3,1931,205,220468,451,0,UDP,4,208172722,133739,18875,5248,12627,0
11426,1,10.0.0.1,10.0.0.8,11759,12535104,23,242000000,25087963619.0,2,1943,13651,14551955,451,0,UDP,3,11781312,102415913,10307,12471,11762,0
10435,1,10.0.0.2,10.0.0.7,77016,82099849,145,242000000,153258947094.0,2,1306,13651,14551966,451,0,UDP,3,7302037,1086,13738,2215,497,0
10928,1,10.0.0.1,10.0.0.8,6785,7233154,14,242000000,15445601966.0,2,1790,1203,1290395,451,0,UDP,1,4448,1267112,9511,5953,1635,0
10336,1,10.0.0.2,10.0.0.8,8007,8535621,24,242000000,26216615188.0,2,1910,9944,10622705,451,0,UDP,1,347043,2829,14355,2885,1485,0
11209,1,10.0.0.1,10.0.0.8,112155,119557841,267,756000000,274313405072.0,3,1910,13651,14551966,448,0,UDP,3,3029,1857888,4973,7204,991,0
10895,1,10.0.0.2,10.0.0.8,31144,33199677,150,756000000,161483417168.0,2,1790,13651,14551716,450,0,UDP,2,58760,1087,11166,1086,17,0
11421,1,10.0.0.1,10.0.0.8,45576,48585157,109,756000000,120982779403.0,2,1943,9537,10190304,0,0,UDP,3,3024,1087,3561,3033,4,0
11482,1,10.0.0.1,10.0.0.8,62491,66616308,82,756000000,88878260936.0,3,1931,13609,14508185,448,0,UDP,1,31501,1331354,11988,3855,673,1
11387,1,10.0.0.1,10.0.0.8,117462,125215374,293,756000000,298185618751.0,3,1790,13651,14551966,450,0,UDP,1,73212916,10494,12394,3024,916,0
11364,1,10.0.0.1,10.0.0.8,78501,83682859,252,756000000,264769865973.0,2,1943,13651,14551639,451,0,UDP,4,131204112,1329,17192,4671,6524,0
11503,1,10.0.0.2,10.0.0.8,84255,89816478,279,756000000,290276584198.0,3,1943,13651,14551943,142,0,UDP,4,155022,26693801,13684,12891,15224,0
11350,1,10.0.0.1,10.0.0.8,114808,122385322,308,756000000,311934661410.0,3,1943,13651,14551966,450,0,UDP,3,4866409,8653703,11697,8003,5252,0
11412,1,10.0.0.2,10.0.0.8,52437,55898749,106,756000000,116407442968.0,3,1931,13550,14445099,142,0,UDP,1,3022,40557278,3795,9451,1050,1
10361,1,10.0.0.1,10.0.0.8,16919,18035911,53,242000000,59144933033.0,3,1306,13651,14551810,450,0,UDP,1,1099486,1086,10996,335,1,0
11632,1,10.0.0.1,10.0.0.8,134233,143092442,311,756000000,314344154475.0,2,1943,13651,14551966,451,0,UDP,3,3390,10136967,4886,8106,921,0
10899,1,10.0.0.1,10.0.0.8,5837,6222606,13,242000000,14201115400.0,2,1943,13651,14551966,451,0,UDP,1,227791,245754,11877,6692,5523,0
11618,1,10.0.0.2,10.0.0.8,121823,129863634,284,756000000,293895507143.0,3,1943,13651,14551966,451,0,UDP,3,1297189,44968517,7561,8448,2462,0
11075,1,10.0.0.1,10.0.0.8,102617,109390186,315,756000000,317745930164.0,3,1943,13641,14541076,142,0,UDP,2,30897545,1086,16932,758,430,0
11256,1,10.0.0.1,10.0.0.7,79060,84278608,155,756000000,167012816441.0,3,1943,13651,14551966,449,0,UDP,4,51761972,1086,14550,1252,271,0
10428,1,10.0.0.2,10.0.0.7,51544,54946296,218,756000000,232248988103.0,3,1910,13651,14551966,451,0,UDP,3,827174,2452266,13745,7457,5254,0
11030,1,10.0.0.1,10.0.0.8,6964,7423596,15,242000000,16406747460.0,2,1306,79,85319,451,0,UDP,2,9389425,1086,14010,1201,229,0
11431,1,10.0.0.1,10.0.0.8,101494,108193129,224,756000000,228928957762.0,2,1943,11681,12467184,443,0,UDP,1,1220158,1086,11682,80,0,0
11566,1,10.0.0.2,10.0.0.8,107048,114113422,254,756000000,263498403944.0,3,1943,13651,14551966,451,0,UDP,2,3025,3555340,5487,5533,414,0
10633,1,10.0.0.1,10.0.0.8,44464,47398737,166,756000000,180717639192.0,2,1790,13651,14551966,451,0,UDP,1,42972343,25732,14666,2515,1056,0
11465,1,10.0.0.1,10.0.0.8,91094,97107020,216,756000000,230793279559.0,3,1943,13651,14551966,450,0,UDP,3,4100982,77057,11199,3681,552,0
10947,1,10.0.0.1,10.0.0.8,25695,27391787,52,242000000,58814894509.0,3,1910,13651,14551966,451,0,UDP,1,8983060,1087,13402,1510,85,0
11141,1,10.0.0.1,10.0.0.7,60654,64658195,126,756000000,139803299777.0,3,1306,13649,14549769,446,0,UDP,3,4612955,3107447,13906,6237,3303,0
11191,1,10.0.0.1,10.0.0.8,38148,40665869,103,756000000,106370310610.0,3,1931,0,10,448,0,UDP,1,11259,1086,4260,1272,0,0
11594,1,10.0.0.1,10.0.0.8,129429,137971161,300,756000000,305553094122.0,3,1943,13651,14551950,288,0,UDP,4,1906124,19405587,10121,6553,3403,1
10900,1,10.0.0.2,10.0.0.8,40168,42819786,104,755997621,114935207783.0,2,1790,13651,14551964,451,0,UDP,2,17021,1101,9542,1717,34,0
11536,1,10.0.0.1,10.0.0.8,95417,101715898,203,756000000,216948537639.0,2,1943,13435,14324421,450,0,UDP,1,3022,175467,6027,3779,153,1
11459,1,10.0.0.1,10.0.0.8,86449,92155358,137,756000000,145847363650.0,2,1931,13649,14549372,451,0,UDP,2,229137,1209490,8722,2552,299,0
11436,1,10.0.0.1,10.0.0.8,50522,53856741,155,756000000,172121838448.0,3,1931,13651,14551966,450,0,UDP,1,20901812,1086,14526,428,13,0
10484,1,10.0.0.2,10.0.0.8,19057,20314997,117,756000000,130279710830.0,3,1790,13651,14551966,450,0,UDP,1,609245829,2659,20093,5076,13955,0
10980,1,10.0.0.2,10.0.0.8,51579,54983655,231,756000000,247874772969.0,3,1943,13651,14551966,443,0,UDP,2,3022,451086,1631,4466,4,0
10785,1,10.0.0.1,10.0.0.8,13693,14597454,21,242000000,23721255405.0,3,1931,13640,14540875,451,0,UDP,2,3297,25689846,9604,12895,12935,0
11410,1,10.0.0.1,10.0.0.8,40629,43311433,121,756000000,133939922843.0,3,1943,13054,13921169,451,0,UDP,4,32188,1089,9908,1442,11,0
11630,1,10.0.0.2,10.0.0.8,125051,133305049,308,756000000,312949574230.0,3,1943,13651,14551966,443,0,UDP,2,26994,1086,5967,189,0,0
11035,1,10.0.0.1,10.0.0.8,86728,92452730,224,756000000,233842410942.0,2,1943,13651,14551949,451,0,UDP,1,4125,1400909,7119,10185,6259,0
11188,1,10.0.0.1,10.0.0.8,34969,37277504,134,756000000,150605691620.0,3,1943,13651,14551694,451,0,UDP,1,6853142,1086,14211,1431,120,0
11085,1,10.0.0.1,10.0.0.7,32339,34473488,113,756000000,125146638684.0,3,1790,32,34854,455,0,UDP,2,3065,3724,5848,4364,124,1
11582,1,10.0.0.1,10.0.0.8,97352,103778121,215,756000000,229561674447.0,3,1943,13605,14503178,142,0,UDP,3,161009,20664585,7687,10706,8174,1
11617,1,10.0.0.2,10.0.0.8,128104,136558941,294,756000000,300313872935.0,3,1943,13651,14551966,443,0,UDP,2,3022,103279,862,4431,4,0
11318,1,10.0.0.1,10.0.0.8,100452,107082071,255,756000000,267614699831.0,2,1943,13651,14551966,451,0,UDP,3,3022,8415086,2882,8990,614,0
10618,1,10.0.0.1,10.0.0.7,24843,26483450,83,242000000,91204831684.0,3,1943,13651,14551966,451,0,UDP,2,3022,1101,1548,2202,0,0
11410,1,10.0.0.2,10.0.0.8,55051,58684949,160,756000000,178241167510.0,3,1790,13651,14551966,449,0,UDP,4,5251,17244586,3975,10740,3143,0
11581,1,10.0.0.2,10.0.0.8,113454,120942185,275,756000000,283606835027.0,3,1943,13651,14551966,451,0,UDP,3,464906841,6033443,18047,8775,15549,0
11152,1,10.0.0.1,10.0.0.8,71575,76299338,196,756000000,207432068125.0,3,1943,13651,14551966,0,0,UDP,2,46978195,42988992,15592,12578,17788,0
10144,1,10.0.0.1,10.0.0.8,6514,6943611,38,755999509,43075006453.0,3,1790,9158,9786342,443,0,UDP,2,3829,2944694,7512,10156,4527,0
11058,1,10.0.0.2,10.0.0.8,106301,113317180,258,756000000,269045179787.0,3,1931,13651,14551966,0,0,UDP,1,809036,2831,8981,2661,74,0
10672,1,10.0.0.1,10.0.0.7,20742,22110953,68,756000000,77874900901.0,3,1790,4290,4593950,0,0,UDP,4,3022,1086,2077,1680,0,1
11127,1,10.0.0.1,10.0.0.7,65186,69489813,64,242000000,66884205151.0,2,1306,148,159158,451,0,UDP,3,3030,244179,5289,4307,77,1
11488,1,10.0.0.1,10.0.0.8,18214,19416759,37,756000000,43689111274.0,3,1943,13651,14551966,288,0,UDP,3,7318577,13222379,8057,9430,4399,0
10684,1,10.0.0.2,10.0.0.8,54930,58556173,189,756000000,204953219973.0,2,1943,13651,14551966,443,0,UDP,3,134205316,1346369,17674,7343,12998,0
10010,1,10.0.0.1,10.0.0.8,12724,13564094,75,242000000,80013014154.0,3,1943,13650,14550982,451,0,UDP,3,149523,8667103,10961,9427,8596,0
11453,1,10.0.0.2,10.0.0.8,101293,107978816,277,756000000,286103718948.0,3,1790,13646,14546659,455,0,UDP,2,710833,52502733,9803,10143,8259,1
11256,1,10.0.0.1,10.0.0.8,102025,108759018,301,756000000,307013717199.0,3,1943,13651,14551966,448,0,UDP,2,680022,15594314,11193,8408,4827,0
11583,1,10.0.0.2,10.0.0.8,37287,39749090,67,756000000,74734291832.0,3,1790,13621,14520554,451,0,UDP,4,54147586,140717,11355,9006,7843,0
10910,1,10.0.0.2,10.0.0.8,87887,93687867,251,756000000,262618879680.0,3,1306,13651,14551966,451,0,UDP,2,3743,18619781,7149,10125,4115,0
11001,1,10.0.0.1,10.0.0.7,12333,13147347,17,242000000,18044911937.0,2,1910,13649,14550162,455,0,UDP,2,34900217,1086,10955,2265,160,0
11522,1,10.0.0.1,10.0.0.8,105633,112604774,292,756000000,299410856018.0,3,1943,13651,14551966,451,0,UDP,1,21055135,2549,10709,1274,22,0
11057,1,10.0.0.1,10.0.0.8,75532,80518049,222,756000000,234266379956.0,3,1931,6043,6465965,450,0,UDP,1,983383,124141,6129,4581,80,0
11461,1,10.0.0.1,10.0.0.8,19760,21064944,47,756000000,53347195685.0,2,1306,0,0,448,0,UDP,1,3045,65787447,1834,11575,2360,1
11548,1,10.0.0.1,10.0.0.8,38281,40808693,37,242218914,39782996771.0,2,1910,5355,5731278,450,0,UDP,2,7391760,21022474,11575,8503,7307,1
11389,1,10.0.0.1,10.0.0.8,44320,47245923,117,756000000,129940769466.0,3,1306,2216,2376040,142,0,UDP,1,17828,1101,9511,1383,6,0
11550,1,10.0.0.1,10.0.0.8,74453,79368144,95,242000000,103494829640.0,3,1943,13490,14382155,451,0,UDP,2,25708180,1212,10860,1583,52,0
11420,1,10.0.0.1,10.0.0.7,132381,141117989,317,756000000,319073131568.0,3,1790,13651,14551966,450,0,UDP,2,3022,502422,1027,3053,0,1
11382,1,10.0.0.2,10.0.0.8,133687,142510721,318,756000000,319498225729.0,2,1931,13651,14551966,446,0,UDP,2,396340800,36739,19389,2021,5163,0
10812,1,10.0.0.2,10.0.0.8,64034,68260823,162,242000000,168458551390.0,3,1943,13651,14551966,451,0,UDP,4,451184,38775264,9439,10420,9359,0
11487,1,10.0.0.2,10.0.0.8,89000,94875473,184,756000000,202711026998.0,2,1943,13651,14551966,451,0,UDP,3,8559068,145130,10141,4987,1459,0
11069,1,10.0.0.2,10.0.0.8,50523,53858195,127,755999922,133872802999.0,2,1790,13651,14551909,451,0,UDP,2,334877,19942485,9893,8431,3320,0
10860,1,10.0.0.2,10.0.0.8,10762,11472625,24,242000000,27427281983.0,2,1790,13651,14551966,451,0,UDP,1,498954,7236772,9527,7445,3008,0
11364,1,10.0.0.1,10.0.0.8,105982,112978003,212,755999972,224720666951.0,3,1943,13651,14551966,451,0,UDP,3,3023,779645,2126,5150,26,0
11354,1,10.0.0.2,10.0.0.8,66378,70760121,123,755723245,135991641808.0,2,1943,13651,14551965,451,0,UDP,3,4609093,1098,10105,2609,126,0
11365,1,10.0.0.1,10.0.0.8,45024,47995920,160,756000000,172926723104.0,3,1790,13651,14551966,450,0,UDP,3,127446,119221892,7001,13543,10761,0
10796,1,10.0.0.2,10.0.0.8,29149,31073487,87,756000000,96125521119.0,2,1790,13651,14551653,451,0,UDP,4,3190782,4356,10699,5161,2741,0
10438,1,10.0.0.1,10.0.0.8,15567,16595018,54,752385244,57279827111.0,2,1943,0,179,443,0,UDP,3,323313,1086,16271,368,29,0
11396,1,10.0.0.2,10.0.0.8,115690,123325985,299,756000000,305455746926.0,3,1943,13651,14551966,0,0,UDP,4,20713965,430647,13523,6339,5552,0
11570,1,10.0.0.1,10.0.0.8,22957,24472466,27,650007567,29912567782.0,2,1943,8930,9544637,451,0,UDP,1,537431,18225,10403,3550,475,0
9846,1,10.0.0.1,10.0.0.7,26858,28631425,114,242000000,122252316408.0,2,1910,13651,14551792,446,0,UDP,4,158163151,1086,18165,1250,846,0
10872,1,10.0.0.1,10.0.0.8,17416,18566016,81,756000000,91323727617.0,2,1943,6396,6844014,450,0,UDP,2,3182655,1086,10389,655,1,0
11453,1,10.0.0.1,10.0.0.8,53483,57014341,34,242000000,36078800973.0,2,1931,13544,14439180,450,0,UDP,4,3092,2362187,6747,5894,1213,0
11577,1,10.0.0.2,10.0.0.8,40818,43513279,61,756000000,71413758988.0,3,1943,13171,14044688,142,0,UDP,4,3022,2342105,3119,6012,205,1
11430,1,10.0.0.1,10.0.0.8,79942,85218494,250,756000000,265244829655.0,2,1943,13651,14551966,448,0,UDP,2,507833749,1306,20197,3219,11809,0
11634,1,10.0.0.1,10.0.0.8,115119,122717185,190,756000000,203270645030.0,3,1943,13651,14551966,451,0,UDP,1,315353459,1151,19096,1170,1714,0
11629,1,10.0.0.1,10.0.0.8,130290,138888872,297,756000000,302927426261.0,3,1943,13651,14551960,450,0,UDP,1,9796,1693089,5572,4210,131,0
11039,1,10.0.0.2,10.0.0.8,65130,69428713,207,756000000,218555667650.0,3,1943,13651,14551966,443,0,UDP,2,864245,6797207,13039,7655,6586,0
11488,1,10.0.0.2,10.0.0.8,113896,121413758,290,756000000,296712063845.0,3,1943,13651,14551966,443,0,UDP,1,5973670,1086,12171,483,6,0
10649,1,10.0.0.2,10.0.0.8,16070,17130891,182,756000000,202635411883.0,3,1943,13651,14551966,448,0,UDP,2,3022,32969663,3780,12368,3746,0
11369,1,10.0.0.1,10.0.0.8,56689,60431279,148,756000000,163935227804.0,3,1931,13651,14551966,0,0,UDP,3,3540218,19856697,14353,8579,10333,1
11201,1,10.0.0.1,10.0.0.7,109049,116247391,192,242000000,200592527733.0,2,1943,12610,13451993,451,0,UDP,4,15870250,1207,17393,2475,2505,1
10679,1,10.0.0.2,10.0.0.8,5847,6232614,25,756000000,29427005527.0,3,1790,12844,13698919,450,0,UDP,3,3697,64715,4915,5659,266,0
9895,1,10.0.0.1,10.0.0.7,11316,12063173,106,756000000,119966665699.0,3,1790,11999,12803015,450,0,UDP,1,3030,211604,7437,4564,597,0
11423,1,10.0.0.1,10.0.0.8,123444,131592176,289,756000000,296057011367.0,3,1790,13651,14551966,0,0,UDP,1,1883600,9911866,5739,10360,4550,0
